Date,Normalised,Uncertainty_0_lower,Uncertainty_0_upper,Uncertainty_1_lower,Uncertainty_1_upper,Value,arXiv,match
2000-01-31,57.0 ^ +13.999999999999998 _ -11.0 (95 % statistical) ^ +26.0 _ -15.0 (systematic) km s^-1 Mpc^-1,11.0,13.999999999999998,15.0,26.0,57.0,astro-ph/0001533,57 ^ { +14 } _ { -11 } ( 95 % statistical ) ^ { +26 } _ { -15 } ( systematic ) km s ^ { -1 } Mpc ^ { -1 }
2000-01-31,74.0 ^ +18.0 _ -15.0 (95 % statistical) \pm 22.0 (systematic) km s^-1 Mpc^-1,15.0,18.0,22.0,22.0,74.0,astro-ph/0001533,74 ^ { +18 } _ { -15 } ( 95 % statistical ) ^ { +22 } _ { -22 } ( systematic ) km s ^ { -1 } Mpc ^ { -1 } .
2005-03-07,73.0 \pm 4.0 (statistical) \pm 5.0 (systematic) km s^-1 Mpc^-1,4.0,4.0,5.0,5.0,73.0,astro-ph/0503159,73 \pm 4 ( statistical ) \pm 5 ( systematic ) km s ^ { -1 } Mpc ^ { -1 } .
2005-03-10,55.99999999999999 \pm 4.0 km s^-1 Mpc^-1,4.0,4.0,,,55.99999999999999,astro-ph/0503242,56 \pm 4 km / s / Mpc .
2005-03-30,72.0 \pm 4.0 km s^-1 Mpc^-1,4.0,4.0,,,72.0,astro-ph/0503647,72 \pm 4 km s ^ { -1 } Mpc ^ { -1 }
2000-11-04,71.0 \pm 6.0 km s^-1 Mpc^-1,6.0,6.0,,,71.0,astro-ph/0011109,71 \pm 6 km/sec/Mpc for an
2000-11-04,64.0 \pm 4.0 km s^-1 Mpc^-1,4.0,4.0,,,64.0,astro-ph/0011109,64 \pm 4 km/sec/Mpc for a
2000-11-07,69.0 ^ +13.0 _ -19.0 km s^-1 Mpc^-1,19.0,13.0,,,69.0,astro-ph/0011142,69 ^ { +13 } _ { -19 } km s ^ { -1 } Mpc ^ { -1 } .
2000-11-15,76.0 \pm 1.3 (1 - \sigma statistical) \pm 6.0 (systematic) km s^-1 Mpc^-1,1.3,1.3,6.0,6.0,76.0,astro-ph/0011288,76 \pm 1.3 ( 1- \sigma statistical ) \pm 6 ( systematic ) km s ^ { -1 } Mpc ^ { -1 } .
2000-11-15,72.0 \pm 2.3 km s^-1 Mpc^-1,2.3,2.3,,,72.0,astro-ph/0011288,72 \pm 2.3 km s ^ { -1 } Mpc ^ { -1 }
2000-11-26,73.0 \pm 2.0 (r) \pm 6.999999999999999 (s) km s^-1 Mpc^-1,2.0,2.0,6.999999999999999,6.999999999999999,73.0,astro-ph/0011478,73 \pm 2 ( r ) \pm 7 ( s ) km s ^ { -1 } Mpc ^ { -1 } .
2000-11-30,73.0 \pm 2.0 (r) \pm 6.999999999999999 (s) km s^-1 Mpc^-1,2.0,2.0,6.999999999999999,6.999999999999999,73.0,astro-ph/0011567,73 \pm 2 ( r ) \pm 7 ( s ) km s ^ { -1 } Mpc ^ { -1 } .
2002-09-30,59.00000000000001 ^ +12.0 _ -6.999999999999999 \pm 3.0 km s^-1 Mpc^-1,6.999999999999999,12.0,3.0,3.0,59.00000000000001,astro-ph/0210002,59 ^ { +12 } _ { -7 } \pm 3 km s ^ { -1 } Mpc ^ { -1 }
2000-12-18,72.0 \pm 8.0 km s^-1 Mpc^-1,8.0,8.0,,,72.0,astro-ph/0012376,72 \pm 8 km s ^ { -1 } Mpc ^ { -1 } .
2000-12-22,79.0 \pm 4.0 km s^-1 Mpc^-1,4.0,4.0,,,79.0,astro-ph/0012475,79 \pm 4 km/sec/Mpc
2008-02-18,76.0 \pm 6.0 (statistical) \pm 5.0 (systematic) km s^-1 Mpc^-1,6.0,6.0,5.0,5.0,76.0,0802.2509,76 \pm 6 ( statistical ) \pm 5 ( systematic ) km/s/Mpc .
2004-07-07,55.99999999999999 \pm 23.0 km s^-1 Mpc^-1,23.0,23.0,,,55.99999999999999,astro-ph/0407134,56 { \pm } 23 { km s ^ { -1 } Mpc ^ { -1 } } .
2001-12-03,58.0 ^ +17.0 _ -15.0 km s^-1 Mpc^-1,15.0,17.0,,,58.0,astro-ph/0112025,58 ^ { +17 } _ { -15 } { km s ^ { -1 } Mpc ^ { -1 } }
2001-12-10,66.0 \pm 8.0 km s^-1 Mpc^-1,8.0,8.0,,,66.0,astro-ph/0112225,66 \pm 8 { km } ~ { } { s ^ { -1 } } ~ { } { Mpc ^ { -1 } }
2001-12-10,65.0 \pm 8.0 km s^-1 Mpc^-1,8.0,8.0,,,65.0,astro-ph/0112225,65 \pm 8 { km } ~ { } { s ^ { -1 } } ~ { } { Mpc ^ { -1 } }
2004-07-30,69.8 \pm 2.6 km s^-1 Mpc^-1,2.6,2.6,,,69.8,astro-ph/0408003,69.8 ^ { +2.6 } _ { -2.6 } km s ^ { -1 } Mpc ^ { -1 }
2004-07-30,67.0 ^ +30.0 _ -18.0 ^ +15.0 _ -6.0 km s^-1 Mpc^-1,18.0,30.0,6.0,15.0,67.0,astro-ph/0408005,67 ^ { +30 } _ { -18 } \mbox { } ^ { +15 } _ { -6 } km s ^ { -1 } Mpc ^ { -1 } for an
2003-09-24,83.0 \pm 8.3 km s^-1 Mpc^-1,8.3,8.3,,,83.0,astro-ph/0309680,83.0 \pm 8.3 km/s/Mpc is
2003-09-26,72.0 \pm 8.0 km s^-1 Mpc^-1,8.0,8.0,,,72.0,astro-ph/0309739,72 \pm 8 km s ^ { -1 } Mpc ^ { -1 }
2006-09-08,74.0 \pm 2.0 (random) \pm 6.0 (systematic) km s^-1 Mpc^-1,2.0,2.0,6.0,6.0,74.0,astro-ph/0609249,74 \pm 2 ( random ) \pm 6 ( systematic ) km s ^ { -1 } Mpc ^ { -1 } .
2006-09-25,70.0 \pm 6.0 km s^-1 Mpc^-1,6.0,6.0,,,70.0,astro-ph/0609694,70 \pm 6 { km s ^ { -1 } Mpc ^ { -1 } }
2006-09-25,68.0 \pm 6.0 (stat) \pm 8.0 (syst) km s^-1 Mpc^-1,6.0,6.0,8.0,8.0,68.0,astro-ph/0609694,68 \pm 6 ( { stat . } ) \pm 8 ( { syst . } ) { km s ^ { -1 } Mpc ^ { -1 } } .
2008-03-27,67.0 ^ +13.0 _ -10.0 km s^-1 Mpc^-1,10.0,13.0,,,67.0,0803.4015,67 ^ { +13 } _ { -10 } km s ^ { -1 } Mpc ^ { -1 }
2008-03-27,62.99999999999999 ^ +6.999999999999999 _ -3.0 km s^-1 Mpc^-1,3.0,6.999999999999999,,,62.99999999999999,0803.4015,63 ^ { +7 } _ { -3 } km s ^ { -1 } Mpc ^ { -1 }
2001-11-05,48.0 \pm 4.0 km s^-1 Mpc^-1,4.0,4.0,,,48.0,astro-ph/0111075,48 \pm 4 ~ { } \mathrm { km } ~ { } \mathrm { s } ^ { -1 } ~ { } \mathrm { Mpc } ^ { -1 }
2001-11-05,62.00000000000001 \pm 4.0 km s^-1 Mpc^-1,4.0,4.0,,,62.00000000000001,astro-ph/0111075,62 \pm 4 ~ { } \mathrm { km } ~ { } \mathrm { s } ^ { -1 } ~ { } \mathrm { Mpc } ^ { -1 }
2001-11-08,68.0 \pm 3.0 km s^-1 Mpc^-1,3.0,3.0,,,68.0,astro-ph/0111183,68 \pm 3 km s ^ { -1 } Mpc ^ { -1 }
2001-11-08,74.0 \pm 2.0 km s^-1 Mpc^-1,2.0,2.0,,,74.0,astro-ph/0111183,74 \pm 2 km s ^ { -1 } Mpc ^ { -1 }
2001-11-08,73.0 \pm 4.0 \pm 11.0 km s^-1 Mpc^-1,4.0,4.0,11.0,11.0,73.0,astro-ph/0111183,73 \pm 4 \pm 11 km s ^ { -1 } Mpc ^ { -1 } from
2006-08-10,74.0 \pm 3.0 (r) \pm 6.0 (s) km s^-1 Mpc^-1,3.0,3.0,6.0,6.0,74.0,astro-ph/0608211,74 \pm 3 _ { r } \pm 6 _ { s } km s ^ { -1 } Mpc ^ { -1 }
2006-04-06,70.8 ^ +2.1 _ -2.0 km s^-1 Mpc^-1,2.0,2.1,,,70.8,astro-ph/0604129,70.8 ^ { +2.1 } _ { -2.0 } \mathrm { km / s / Mpc }
2007-06-11,44.0 \pm 5.0 km s^-1 Mpc^-1,5.0,5.0,,,44.0,0706.1464,44 \pm 5 km s ^ { -1 } Mpc ^ { -1 }
2000-04-05,58.5 \pm 6.3 km s^-1 Mpc^-1,6.3,6.3,,,58.5,astro-ph/0004063,58.5 \pm 6.3 km s ^ { -1 } Mpc ^ { -1 } .
2000-05-05,85.0 \pm 5.0 km s^-1 Mpc^-1,5.0,5.0,,,85.0,astro-ph/0005112,85 \pm 5 { km } { s } ^ { -1 } { { Mpc } } ^ { -1 }
2000-05-05,71.0 \pm 6.0 km s^-1 Mpc^-1,6.0,6.0,,,71.0,astro-ph/0005112,71 \pm 6 { km } { s } ^ { -1 } { { Mpc } } ^ { -1 } .
2001-02-14,73.0 \pm 4.0 km s^-1 Mpc^-1,4.0,4.0,,,73.0,astro-ph/0102260,73 \pm 4 km s ^ { -1 } Mpc ^ { -1 } .
2001-02-26,85.0 \pm 10.0 km s^-1 Mpc^-1,10.0,10.0,,,85.0,astro-ph/0102447,85 \pm 10 kms ^ { -1 } Mpc ^ { -1 }
2001-02-26,58.0 \pm 6.999999999999999 km s^-1 Mpc^-1,6.999999999999999,6.999999999999999,,,58.0,astro-ph/0102447,58 \pm 7 kms ^ { -1 } Mpc ^ { -1 }
2001-02-28,52.0 ^ +24.0 _ -16.0 km s^-1 Mpc^-1,16.0,24.0,,,52.0,astro-ph/0102489,52 ^ { +24 } _ { -16 } km s ^ { -1 } Mpc ^ { -1 } .
2001-02-28,69.0 ^ +21.0 _ -16.0 km s^-1 Mpc^-1,16.0,21.0,,,69.0,astro-ph/0102496,69 ^ { +21 } _ { -16 } ~ { } km s ^ { -1 } Mpc ^ { -1 }
2001-02-28,84.0 ^ +25.0 _ -19.0 km s^-1 Mpc^-1,19.0,25.0,,,84.0,astro-ph/0102496,84 ^ { +25 } _ { -19 } ~ { } km s ^ { -1 } Mpc ^ { -1 }
2002-01-31,44.0 \pm 9.0 km s^-1 Mpc^-1,9.0,9.0,,,44.0,astro-ph/0201551,44 \pm 9 km s ^ { -1 } Mpc ^ { -1 } for an \Omega _ { m }
2005-07-15,55.99999999999999 \pm 8.0 km s^-1 Mpc^-1,8.0,8.0,,,55.99999999999999,astro-ph/0507381,56 { \pm } 8 km s ^ { -1 } Mpc ^ { -1 } .
2005-07-15,65.0 \pm 9.0 km s^-1 Mpc^-1,9.0,9.0,,,65.0,astro-ph/0507381,65 { \pm } 9 km s ^ { -1 } Mpc ^ { -1 } .
2005-07-15,71.0 \pm 3.4999999999999996 km s^-1 Mpc^-1,3.4999999999999996,3.4999999999999996,,,71.0,astro-ph/0507381,71 { \pm } 3.5 km s ^ { -1 } Mpc ^ { -1 }
2005-07-26,74.0 \pm 2.0 km s^-1 Mpc^-1,2.0,2.0,,,74.0,astro-ph/0507583,74 \pm 2 { kms } ^ { -1 } { Mpc } ^ { -1 }
2004-09-17,"60.0 ^ +9.0 _ -6.999999999999999 (random , 1 \sigma) \pm 2.0 (systematic) km s^-1 Mpc^-1",6.999999999999999,9.0,2.0,2.0,60.0,astro-ph/0409444,"60 ^ { +9 } _ { -7 } ( random , 1 \sigma ) \pm 2 ( systematic ) km s ^ { -1 } Mpc ^ { -1 } for a"
2004-09-17,"62.99999999999999 ^ +9.0 _ -6.999999999999999 (random , 1 \sigma) \pm 1.0 (systematic) km s^-1 Mpc^-1",6.999999999999999,9.0,1.0,1.0,62.99999999999999,astro-ph/0409444,"63 ^ { +9 } _ { -7 } ( random , 1 \sigma ) \pm 1 ( systematic ) km s ^ { -1 } Mpc ^ { -1 } for a"
2004-09-17,"64.0 ^ +9.0 _ -6.999999999999999 (random , 1 \sigma) \pm 13.999999999999998 (systematic) km s^-1 Mpc^-1",6.999999999999999,9.0,13.999999999999998,13.999999999999998,64.0,astro-ph/0409444,"64 ^ { +9 } _ { -7 } ( random , 1 \sigma ) \pm 14 ( systematic ) km s ^ { -1 } Mpc ^ { -1 } ."
2002-12-11,68.0 \pm 5.0 \pm 6.0 km s^-1 Mpc^-1,5.0,5.0,6.0,6.0,68.0,astro-ph/0212262,68 \pm 5 \pm 6 km s ^ { -1 } /Mpc .
2002-12-11,71.0 \pm 4.0 \pm 6.0 km s^-1 Mpc^-1,4.0,4.0,6.0,6.0,71.0,astro-ph/0212262,71 \pm 4 \pm 6 km s ^ { -1 } /Mpc .
2002-12-18,64.0 ^ +96.0 _ -30.0 km s^-1 Mpc^-1,30.0,96.0,,,64.0,astro-ph/0212394,64 ^ { +96 } _ { -30 } km s ^ { -1 } Mpc ^ { -1 }
2006-06-06,62.99999999999999 \pm 5.0 km s^-1 Mpc^-1,5.0,5.0,,,62.99999999999999,astro-ph/0606138,63 \pm 5 km s ^ { -1 } Mpc ^ { -1 } .
2006-06-13,72.0 \pm 8.0 km s^-1 Mpc^-1,8.0,8.0,,,72.0,astro-ph/0606317,72 \pm 8 km s ^ { -1 } Mpc ^ { -1 }
2006-06-13,51.7 ^ +4.0 _ -3.0 km s^-1 Mpc^-1,3.0,4.0,,,51.7,astro-ph/0606317,51.7 ^ { +4.0 } _ { -3.0 } km s ^ { -1 } Mpc ^ { -1 } .
2005-12-13,76.9 ^ +3.9000000000000004 _ -3.4 ^ +10.0 _ -8.0 km s^-1 Mpc^-1,3.4,3.9000000000000004,8.0,10.0,76.9,astro-ph/0512349,76.9 \pm ^ { 3.9 } _ { 3.4 } \pm ^ { 10.0 } _ { 8.0 } km s ^ { -1 } Mpc ^ { -1 }
2005-12-13,73.7 ^ +4.6 _ -3.8 ^ +9.5 _ -7.6 km s^-1 Mpc^-1,3.8,4.6,7.6,9.5,73.7,astro-ph/0512349,73.7 \pm ^ { 4.6 } _ { 3.8 } \pm ^ { 9.5 } _ { 7.6 } km s ^ { -1 } Mpc ^ { -1 }
2005-12-13,77.6 ^ +4.8 _ -4.3 ^ +10.1 _ -8.2 km s^-1 Mpc^-1,4.3,4.8,8.2,10.1,77.6,astro-ph/0512349,77.6 \pm ^ { 4.8 } _ { 4.3 } \pm ^ { 10.1 } _ { 8.2 } km s ^ { -1 } Mpc ^ { -1 }
2000-07-03,70.4 \pm 4.3 km s^-1 Mpc^-1,4.3,4.3,,,70.4,astro-ph/0007022,70.4 \pm 4.3 km/s/Mpc .
2000-07-11,52.0 ^ +13.999999999999998 _ -8.0 km s^-1 Mpc^-1,8.0,13.999999999999998,,,52.0,astro-ph/0007136,52 ^ { +14 } _ { -8 } ~ { } { km } ~ { } { s ^ { -1 } } ~ { } { Mpc ^ { -1 } }
2003-01-14,81.0 \pm 10.0 km s^-1 Mpc^-1,10.0,10.0,,,81.0,astro-ph/0301281,81 \pm 10 km s ^ { -1 } Mpc ^ { -1 }
2006-03-15,72.0 \pm 6.0 (total) km s^-1 Mpc^-1,6.0,6.0,,,72.0,astro-ph/0603392,72 \pm 6 ( total ) km s ^ { -1 } Mpc ^ { -1 } .
2005-08-29,74.0 \pm 4.0 km s^-1 Mpc^-1,4.0,4.0,,,74.0,astro-ph/0508614,74 \pm 4 kms ^ { -1 } Mpc ^ { -1 } and a 1
2005-08-29,65.0 \pm 9.0 km s^-1 Mpc^-1,9.0,9.0,,,65.0,astro-ph/0508614,65 \pm 9 kms ^ { -1 } Mpc ^ { -1 } .
2006-11-07,77.0 \pm 3.0 (random) \pm 5.0 (systematic) km s^-1 Mpc^-1,3.0,3.0,5.0,5.0,77.0,astro-ph/0611231,77 \pm 3 ( random ) \pm 5 ( systematic ) km s ^ { -1 } Mpc ^ { -1 } for the PNLF
2006-11-29,74.0 ^ +4.0 _ -3.4999999999999996 km s^-1 Mpc^-1,3.4999999999999996,4.0,,,74.0,astro-ph/0611934,74 ^ { +4 } _ { -3.5 } km s ^ { -1 } Mpc ^ { -1 }
2001-05-22,70.0 \pm 15.0 km s^-1 Mpc^-1,15.0,15.0,,,70.0,astro-ph/0105384,70 \pm 15 km s ^ { -1 } Mpc ^ { -1 }
2001-05-23,55.99999999999999 ^ +12.0 _ -11.0 km s^-1 Mpc^-1,11.0,12.0,,,55.99999999999999,astro-ph/0105411,56 _ { -11 } ^ { +12 } { km s ^ { -1 } Mpc ^ { -1 } } .
2001-05-28,75.0 ^ +12.0 _ -11.0 km s^-1 Mpc^-1,11.0,12.0,,,75.0,astro-ph/0105490,75 ^ { +12 } _ { -11 } { km s ^ { -1 } Mpc ^ { -1 } }
2007-09-13,71.0 \pm 0.04 km s^-1 Mpc^-1,0.04,0.04,,,71.0,0709.2195,71 \pm 0.04 { km s } ^ { -1 } Mpc ^ { -1 }
2000-08-03,65.0 \pm 2.0 (statistical) km s^-1 Mpc^-1,2.0,2.0,,,65.0,astro-ph/0008057,65 \pm 2 ( statistical ) km s ^ { -1 } Mpc ^ { -1 }
2001-03-02,59.00000000000001 ^ +8.0 _ -6.999999999999999 km s^-1 Mpc^-1,6.999999999999999,8.0,,,59.00000000000001,astro-ph/0103046,59 ^ { +8 } _ { -7 } km s ^ { -1 } Mpc ^ { -1 }
2001-03-02,65.0 ^ +8.0 _ -6.999999999999999 km s^-1 Mpc^-1,6.999999999999999,8.0,,,65.0,astro-ph/0103046,65 ^ { +8 } _ { -7 } km s ^ { -1 } Mpc ^ { -1 } if \Omega _ { M }
2003-02-17,72.0 \pm 8.0 km s^-1 Mpc^-1,8.0,8.0,,,72.0,astro-ph/0302337,72 \pm 8 km s ^ { -1 } Mpc ^ { -1 } .
2003-02-27,69.0 \pm 12.0 km s^-1 Mpc^-1,12.0,12.0,,,69.0,astro-ph/0302560,69 \pm 12 km s ^ { -1 } Mpc ^ { -1 } .
2001-06-26,72.0 \pm 8.0 km s^-1 Mpc^-1,8.0,8.0,,,72.0,astro-ph/0106466,72 \pm 8 km/sec/Mpc .
1999-11-04,77.0 \pm 8.0 km s^-1 Mpc^-1,8.0,8.0,,,77.0,astro-ph/9911052,77 \pm 8 km s ^ { -1 } Mpc ^ { -1 }
1999-11-12,61.0 \pm 11.0 km s^-1 Mpc^-1,11.0,11.0,,,61.0,astro-ph/9911231,61 \pm 11 km sec ^ { -1 } Mpc ^ { -1 } at 68 %
2004-01-14,71.0 \pm 3.0 km s^-1 Mpc^-1,3.0,3.0,,,71.0,astro-ph/0401273,68-74 km s ^ { -1 } Mpc ^ { -1 }
2008-06-26,65.0 \pm 6.999999999999999 km s^-1 Mpc^-1,6.999999999999999,6.999999999999999,,,65.0,0806.4245,65 \pm 7 km/s/Mpc .
2008-07-03,0.765 ^ +0.035 _ -0.033 km s^-1 Mpc^-1,0.033,0.035,,,0.765,0807.0647,0.765 ^ { +0.035 } _ { -0.033 } km s ^ { -1 } Mpc ^ { -1 }
2001-07-19,60.0 \pm 2.0 (internal) km s^-1 Mpc^-1,2.0,2.0,,,60.0,astro-ph/0107391,60 \pm 2 ( internal ) { km } { s } ^ { -1 } { Mpc } ^ { -1 }
2001-07-19,58.699999999999996 \pm 6.3 (internal) km s^-1 Mpc^-1,6.3,6.3,,,58.699999999999996,astro-ph/0107391,58.7 \pm 6.3 ( internal ) { km } { s } ^ { -1 } { Mpc } ^ { -1 } .
2010-05-11,69.0 \pm 11.0 km s^-1 Mpc^-1,11.0,11.0,,,69.0,1005.1955,69 \pm 11 km s ^ { -1 } Mpc ^ { -1 } .
2002-06-05,51.0 \pm 9.0 km s^-1 Mpc^-1,9.0,9.0,,,51.0,astro-ph/0206084,51 \pm 9 { km } ~ { } { s ^ { -1 } } ~ { } { Mpc ^ { -1 } }
2002-06-11,78.0 \pm 6.999999999999999 km s^-1 Mpc^-1,6.999999999999999,6.999999999999999,,,78.0,astro-ph/0206177,78 \pm 7 km s ^ { -1 } Mpc ^ { -1 } .
2010-10-05,72.6 \pm 2.9 (stat) \pm 2.3 (syst) km s^-1 Mpc^-1,2.9,2.9,2.3,2.3,72.6,1010.0831,72.6 \pm 2.9 ( stat ) \pm 2.3 ( syst ) \mathrm { km Mpc ^ { -1 } s ^ { -1 } }
2009-09-09,85.0 ^ +13.999999999999998 _ -13.0 km s^-1 Mpc^-1,13.0,13.999999999999998,,,85.0,0909.1807,85 ^ { +14 } _ { -13 } km s ^ { -1 } Mpc ^ { -1 }
2009-09-09,79.3 ^ +6.7 _ -8.5 km s^-1 Mpc^-1,8.5,6.7,,,79.3,0909.1807,79.3 ^ { +6.7 } _ { -8.5 } km s ^ { -1 } Mpc ^ { -1 }
2009-05-05,74.2 \pm 3.6 km s^-1 Mpc^-1,3.6,3.6,,,74.2,0905.0695,74.2 \pm 3.6 km s ^ { -1 } Mpc ^ { -1 }
2009-07-09,69.4 \pm 1.6 km s^-1 Mpc^-1,1.6,1.6,,,69.4,0907.1659,69.4 \pm 1.6 km s ^ { -1 } Mpc ^ { -1 } .
2009-07-10,68.2 \pm 2.2 km s^-1 Mpc^-1,2.2,2.2,,,68.2,0907.1660,68.2 \pm 2.2 { km } { s } ^ { -1 } { Mpc } ^ { -1 } that is
2009-03-05,61.5 ^ +8.0 _ -4.0 km s^-1 Mpc^-1,4.0,8.0,,,61.5,0903.1027,61.5 ^ { +8 } _ { -4 } km s ^ { -1 } Mpc ^ { -1 } .
2001-08-29,60.0 \pm 10.0 km s^-1 Mpc^-1,10.0,10.0,,,60.0,astro-ph/0108462,60 \pm 10 { ~ { } km~ { } s ^ { -1 } Mpc ^ { -1 } } .
2010-02-12,76.0 \pm 3.0 km s^-1 Mpc^-1,3.0,3.0,,,76.0,1002.2570,76 _ { -3 } ^ { +3 } km s ^ { -1 } Mpc ^ { -1 } .
2009-10-15,70.6 \pm 3.1 km s^-1 Mpc^-1,3.1,3.1,,,70.6,0910.2773,70.6 ^ { +3.1 } _ { -3.1 } { km s ^ { -1 } Mpc ^ { -1 } } .
2009-10-15,69.7 ^ +4.9 _ -5.0 km s^-1 Mpc^-1,5.0,4.9,,,69.7,0910.2773,69.7 ^ { +4.9 } _ { -5.0 } { km s ^ { -1 } Mpc ^ { -1 } } and w
2002-08-22,62.99999999999999 \pm 2.0 km s^-1 Mpc^-1,2.0,2.0,,,62.99999999999999,astro-ph/0208420,61-65 km s ^ { -1 } Mpc ^ { -1 }
2003-05-15,57.0 \pm 15.0 km s^-1 Mpc^-1,15.0,15.0,,,57.0,astro-ph/0305259,57 \pm 15 { km s } ^ { -1 } { Mpc } ^ { -1 }
2003-05-15,59.00000000000001 \pm 11.0 km s^-1 Mpc^-1,11.0,11.0,,,59.00000000000001,astro-ph/0305259,59 \pm 11 { km s } ^ { -1 } { Mpc } ^ { -1 }
2010-11-12,72.0 \pm 6.999999999999999 km s^-1 Mpc^-1,6.999999999999999,6.999999999999999,,,72.0,1011.2864,72 \pm 7 km s ^ { -1 } Mpc ^ { -1 } .
2012-02-10,75.0 ^ +10.0 _ -6.999999999999999 km s^-1 Mpc^-1,6.999999999999999,10.0,,,75.0,1202.2309,75 ^ { +10 } _ { -7 } km/s/Mpc
2003-06-02,48.0 \pm 3.0 km s^-1 Mpc^-1,3.0,3.0,,,48.0,astro-ph/0306040,48 \pm 3 km s ^ { -1 } Mpc ^ { -1 } for the
2003-06-02,71.0 \pm 3.0 km s^-1 Mpc^-1,3.0,3.0,,,71.0,astro-ph/0306040,71 \pm 3 km s ^ { -1 } Mpc ^ { -1 } is the
2003-06-10,75.0 ^ +6.999999999999999 _ -6.0 km s^-1 Mpc^-1,6.0,6.999999999999999,,,75.0,astro-ph/0306216,75 ^ { +7 } _ { -6 } km { s } ^ { -1 } { Mpc } ^ { -1 }
2012-02-16,75.9 \pm 3.8 km s^-1 Mpc^-1,3.8,3.8,,,75.9,1202.3832,75.9 \pm 3.8 km s ^ { -1 } Mpc ^ { -1 } .
2011-07-20,71.2 \pm 1.4 km s^-1 Mpc^-1,1.4,1.4,,,71.2,1107.4097,71.2 \pm 1.4 \mathrm { km } \mathrm { s ^ { -1 } Mpc ^ { -1 } } .
2009-10-29,72.0 \pm 8.0 km s^-1 Mpc^-1,8.0,8.0,,,72.0,0910.5775,72 \pm 8 km s ^ { -1 } Mpc ^ { -1 } and put an end to
2010-06-21,71.4 ^ +4.4 _ -3.4 km s^-1 Mpc^-1,3.4,4.4,,,71.4,1006.4200,71.4 ^ { +4.4 } _ { -3.4 } km s ^ { -1 } Mpc ^ { -1 }
2011-10-11,69.1 ^ +1.3 _ -1.5 km s^-1 Mpc^-1,1.5,1.3,,,69.1,1110.2310,69.1 ^ { +1.3 } _ { -1.5 } \mbox { km } / \mbox { s } / \mbox { Mpc }
2011-03-15,73.8 \pm 2.4 km s^-1 Mpc^-1,2.4,2.4,,,73.8,1103.2976,73.8 \pm 2.4 km s ^ { -1 } Mpc ^ { -1 }
2011-06-16,67.0 \pm 3.2 km s^-1 Mpc^-1,3.2,3.2,,,67.0,1106.3366,67 \pm 3.2 km s ^ { -1 } Mpc ^ { -1 }
2004-05-06,70.0 \pm 5.0 km s^-1 Mpc^-1,5.0,5.0,,,70.0,astro-ph/0405115,70 \pm 5 km s ^ { -1 } Mpc ^ { -1 }
2004-05-06,61.0 \pm 6.999999999999999 km s^-1 Mpc^-1,6.999999999999999,6.999999999999999,,,61.0,astro-ph/0405115,61 \pm 7 km s ^ { -1 } Mpc ^ { -1 }
2012-06-25,76.0 ^ +15.0 _ -5.0 km s^-1 Mpc^-1,5.0,15.0,,,76.0,1206.5801,76 ^ { +15 } _ { -5 } { km s ^ { -1 } Mpc ^ { -1 } }
2012-05-30,73.8 \pm 2.4 km s^-1 Mpc^-1,2.4,2.4,,,73.8,1205.6753,73.8 \pm 2.4 ~ { } km / s / Mpc
2012-05-30,68.0 \pm 2.8 km s^-1 Mpc^-1,2.8,2.8,,,68.0,1205.6753,68 \pm 2.8 ~ { } km / s / Mpc at 68
2012-05-30,69.7 \pm 2.5 km s^-1 Mpc^-1,2.5,2.5,,,69.7,1205.6753,69.7 \pm 2.5 ~ { } km / s / Mpc at 68
2012-03-28,74.3 \pm 3.1 (statistical) \pm 2.9 (systematic) km s^-1 Mpc^-1,3.1,3.1,2.9,2.9,74.3,1203.6222,74.3 \pm 3.1 ( statistical ) \pm 2.9 ( systematic ) km s ^ { -1 } Mpc ^ { -1 }
2012-06-01,74.1 \pm 2.2 km s^-1 Mpc^-1,2.2,2.2,,,74.1,1206.0332,74.1 ^ { +2.2 } _ { -2.2 } km s ^ { -1 } Mpc ^ { -1 }
2011-05-26,68.0 \pm 5.5 (or \pm 1) km s^-1 Mpc^-1,5.5,5.5,,,68.0,1105.5206,68 \pm 5.5 ( or \pm 1 ) { km s } ^ { -1 } { Mpc } ^ { -1 }
2011-09-20,68.43 ^ +2.84 _ -2.8 km s^-1 Mpc^-1,2.8,2.84,,,68.43,1109.6924,68.43 _ { -2.80 } ^ { +2.84 } km s ^ { -1 } Mpc ^ { -1 }
2011-09-20,69.18 ^ +0.55 _ -0.54 km s^-1 Mpc^-1,0.54,0.55,,,69.18,1109.6924,69.18 _ { -0.54 } ^ { +0.55 } km s ^ { -1 } Mpc ^ { -1 } .
2011-09-20,68.93 ^ +0.53 _ -0.52 km s^-1 Mpc^-1,0.52,0.53,,,68.93,1109.6924,68.93 _ { -0.52 } ^ { +0.53 } km s ^ { -1 } Mpc ^ { -1 } .
2012-10-22,65.0 \pm 0.5 (random) \pm 5.7 (systematic) km s^-1 Mpc^-1,0.5,0.5,5.7,5.7,65.0,1210.6040,65.0 \pm 0.5 ( { random } ) \pm 5.7 ( { systematic } ) km s ^ { -1 } Mpc ^ { -1 }
2012-07-31,68.0 \pm 9.0 km s^-1 Mpc^-1,9.0,9.0,,,68.0,1207.7273,68 \pm 9 km s ^ { -1 } Mpc ^ { -1 }
2012-12-20,69.32 \pm 0.8 km s^-1 Mpc^-1,0.8,0.8,,,69.32,1212.5225,69.32 \pm 0.80 km s ^ { -1 } Mpc ^ { -1 } .
2012-01-31,69.8 \pm 1.2 km s^-1 Mpc^-1,1.2,1.2,,,69.8,1202.0092,69.8 \pm 1.2 km s ^ { -1 } Mpc ^ { -1 } and a 5.0
2012-08-31,74.0 ^ +5.0 _ -4.0 km s^-1 Mpc^-1,4.0,5.0,,,74.0,1208.6502,74 ^ { +5 } _ { -4 } km~ { } s ^ { -1 } ~ { } Mpc ^ { -1 }
2012-08-29,75.2 ^ +4.4 _ -4.2 km s^-1 Mpc^-1,4.2,4.4,,,75.2,1208.6010,75.2 ^ { +4.4 } _ { -4.2 } km s ^ { -1 } Mpc ^ { -1 }
2012-08-29,73.1 ^ +2.4 _ -3.6 km s^-1 Mpc^-1,3.6,2.4,,,73.1,1208.6010,73.1 ^ { +2.4 } _ { -3.6 } km s ^ { -1 } Mpc ^ { -1 }
2012-08-16,75.2 \pm 3.0 km s^-1 Mpc^-1,3.0,3.0,,,75.2,1208.3311,75.2 \pm 3.0 km s ^ { -1 } Mpc ^ { -1 } .
2011-12-01,62.300000000000004 \pm 1.3 \pm 5.0 km s^-1 Mpc^-1,1.3,1.3,5.0,5.0,62.300000000000004,1112.0170,62.3 \pm 1.3 \pm 5.0 { km s } ^ { -1 } Mpc ^ { -1 } .
2012-11-12,67.0 \pm 3.2 km s^-1 Mpc^-1,3.2,3.2,,,67.0,1211.2570,67 \pm 3.2 km s ^ { -1 } Mpc ^ { -1 }
2013-07-27,74.4 \pm 3.0 km s^-1 Mpc^-1,3.0,3.0,,,74.4,1307.7213,74.4 \pm 3.0 km s ^ { -1 } Mpc ^ { -1 } .
2013-03-13,67.0 \pm 3.2 km s^-1 Mpc^-1,3.2,3.2,,,67.0,1303.3302,67.0 \pm 3.2 km s ^ { -1 } Mpc ^ { -1 }
2013-04-26,72.1 ^ +3.2 _ -2.3 km s^-1 Mpc^-1,2.3,3.2,,,72.1,1304.7119,72.1 ^ { +3.2 } _ { -2.3 } km/s/Mpc
2013-08-01,71.3 \pm 2.0 km s^-1 Mpc^-1,2.0,2.0,,,71.3,1308.0188,71.3 \pm 2.0 { km s ^ { -1 } Mpc ^ { -1 } }
2013-01-21,74.0 \pm 5.0 km s^-1 Mpc^-1,5.0,5.0,,,74.0,1301.4833,74 \pm 5 km s ^ { -1 } Mpc ^ { -1 } .
2012-11-15,69.72 ^ +0.9 _ -0.91 km s^-1 Mpc^-1,0.91,0.9,,,69.72,1211.3741,69.72 ^ { +0.90 } _ { -0.91 } km/s/Mpc
2012-11-15,73.78 ^ +3.16 _ -3.17 km s^-1 Mpc^-1,3.17,3.16,,,73.78,1211.3741,73.78 ^ { +3.16 } _ { -3.17 } km/s/Mpc
2012-11-19,62.300000000000004 \pm 1.3 \pm 5.0 km s^-1 Mpc^-1,1.3,1.3,5.0,5.0,62.300000000000004,1211.4655,62.3 \pm 1.3 \pm 5.0 { km s } ^ { -1 } { Mpc } ^ { -1 } .
2012-11-19,62.89999999999999 \pm 1.6 km s^-1 Mpc^-1,1.6,1.6,,,62.89999999999999,1211.4655,62.9 \pm 1.6 { km s } ^ { -1 } { Mpc } ^ { -1 } and shed
2012-11-19,64.6 \pm 1.6 \pm 2.0 km s^-1 Mpc^-1,1.6,1.6,2.0,2.0,64.6,1211.4655,64.6 \pm 1.6 \pm 2.0 { km s } ^ { -1 } { Mpc } ^ { -1 } .
2013-04-05,63.2 \pm 2.5 km s^-1 Mpc^-1,2.5,2.5,,,63.2,1304.1802,63.2 \pm 2.5 km s ^ { -1 } Mpc ^ { -1 }
2013-04-05,68.9 \pm 2.4 km s^-1 Mpc^-1,2.4,2.4,,,68.9,1304.1802,68.9 \pm 2.4 km s ^ { -1 } Mpc ^ { -1 }
2013-11-14,70.6 \pm 3.3 km s^-1 Mpc^-1,3.3,3.3,,,70.6,1311.3461,70.6 \pm 3.3 { km } { s } ^ { -1 } { Mpc } ^ { -1 }
2013-11-14,72.5 \pm 2.5 km s^-1 Mpc^-1,2.5,2.5,,,72.5,1311.3461,72.5 \pm 2.5 { km } { s } ^ { -1 } { Mpc } ^ { -1 }
2013-06-26,76.0 \pm 1.9 km s^-1 Mpc^-1,1.9,1.9,,,76.0,1306.6276,76.0 \pm 1.9 km s ^ { -1 } Mpc ^ { -1 }
2014-01-29,71.0 \pm 3.0 km s^-1 Mpc^-1,3.0,3.0,,,71.0,1401.7597,71 \pm 3 ~ { } { \mathrm { km } } ~ { } { \mathrm { s } } ^ { -1 } ~ { } { \mathrm { Mpc } } ^ { -1 } and
2014-02-21,64.9 \pm 4.2 km s^-1 Mpc^-1,4.2,4.2,,,64.9,1402.5429,64.9 \pm 4.2 km s ^ { -1 } Mpc ^ { -1 }
2013-05-09,71.8 ^ +4.6 _ -5.6 (stat) ^ +7.2 _ -13.800000000000002 (syst) km s^-1 Mpc^-1,5.6,4.6,13.800000000000002,7.2,71.8,1305.2163,71.8 _ { -5.6 } ^ { +4.6 } ( { stat } ) _ { -13.8 } ^ { +7.2 } ( { syst } ) km s ^ { -1 } Mpc ^ { -1 } .
2013-07-23,72.0 \pm 3.0 km s^-1 Mpc^-1,3.0,3.0,,,72.0,1307.6031,72.0 \pm 3.0 km s ^ { -1 } Mpc ^ { -1 } .
2014-03-11,73.8 \pm 2.4 km s^-1 Mpc^-1,2.4,2.4,,,73.8,1403.2571,73.8 \pm 2.4 { km s ^ { -1 } Mpc ^ { -1 } } and
2014-01-13,70.0 \pm 0.6 km s^-1 Mpc^-1,0.6,0.6,,,70.0,1401.2939,70.0 \pm 0.6 { km } { s } ^ { -1 } { Mpc } ^ { -1 } and
2014-01-13,70.04 \pm 1.0 km s^-1 Mpc^-1,1.0,1.0,,,70.04,1401.2939,70.04 \pm 1 { km } { s } ^ { -1 } { Mpc } ^ { -1 } and \Omega _ { \Lambda 0 }
2014-05-01,67.0 \pm 5.0 km s^-1 Mpc^-1,5.0,5.0,,,67.0,1405.0306,67 \pm 5 { km s ^ { -1 } } { Mpc } ^ { -1 }
2014-07-28,74.4 \pm 1.4 (stat) \pm 2.4 (sys) km s^-1 Mpc^-1,1.4,1.4,2.4,2.4,74.4,1407.7528,74.4 \pm 1.4 ( stat ) \pm 2.4 ( sys ) km s ^ { -1 } Mpc ^ { -1 } with 4 %
2014-03-07,73.0 \pm 3.0 (random) km s^-1 Mpc^-1,3.0,3.0,,,73.0,1403.1693,73 \pm 3 ( random ) km s ^ { -1 } Mpc ^ { -1 } .
2014-07-08,72.0 \pm 6.0 (random) \pm 6.999999999999999 (systematic) km s^-1 Mpc^-1,6.0,6.0,6.999999999999999,6.999999999999999,72.0,1407.2246,72 \pm 6 ( random ) \pm 7 ( systematic ) km s ^ { -1 } Mpc ^ { -1 } .
2014-04-10,68.1 \pm 5.9 km s^-1 Mpc^-1,5.9,5.9,,,68.1,1404.2920,68.1 \pm 5.9 km s ^ { -1 } Mpc ^ { -1 }
2014-01-01,67.15 \pm 0.98 km s^-1 Mpc^-1,0.98,0.98,,,67.15,1401.0358,67.15 \pm 0.98 kms ^ { -1 } Mpc ^ { -1 } .
2014-09-11,30.0 \pm 10.0 km s^-1 Mpc^-1,10.0,10.0,,,30.0,1409.3570,20-40 km s ^ { -1 } Mpc ^ { -1 }
2014-08-04,75.2 \pm 3.3 km s^-1 Mpc^-1,3.3,3.3,,,75.2,1408.0729,75.2 \pm 3.3 km s ^ { -1 } Mpc ^ { -1 } .
2014-04-16,73.8 \pm 2.4 km s^-1 Mpc^-1,2.4,2.4,,,73.8,1404.4418,73.8 \pm 2.4 km s ^ { -1 } Mpc ^ { -1 }
2014-04-16,67.3 \pm 1.2 km s^-1 Mpc^-1,1.2,1.2,,,67.3,1404.4418,67.3 \pm 1.2 km s ^ { -1 } Mpc ^ { -1 }
2014-04-16,74.1 \pm 2.2 km s^-1 Mpc^-1,2.2,2.2,,,74.1,1404.4418,74.1 \pm 2.2 km s ^ { -1 } Mpc ^ { -1 }
2014-11-18,73.0 ^ +26.0 _ -22.0 km s^-1 Mpc^-1,22.0,26.0,,,73.0,1411.5106,73 ^ { +26 } _ { -22 } km/s/Mpc
2015-04-15,73.0 \pm 1.8 km s^-1 Mpc^-1,1.8,1.8,,,73.0,1504.04037,73 \pm 1.8 km s ^ { -1 } Mpc ^ { -1 }
2014-12-19,70.6 \pm 2.6 km s^-1 Mpc^-1,2.6,2.6,,,70.6,1412.6501,70.6 \pm 2.6 \mathrm { km s ^ { -1 } Mpc ^ { -1 } } when
2014-11-20,72.6 ^ +3.8 _ -3.4 km s^-1 Mpc^-1,3.4,3.8,,,72.6,1411.5678,72.6 _ { -3.4 } ^ { +3.8 } km s ^ { -1 } Mpc ^ { -1 }
2014-11-20,73.9 ^ +10.6 _ -9.5 km s^-1 Mpc^-1,9.5,10.6,,,73.9,1411.5678,73.9 _ { -9.5 } ^ { +10.6 } km s ^ { -1 } Mpc ^ { -1 }
2015-06-09,69.8 \pm 2.6 (random) \pm 3.9000000000000004 (systematic) km s^-1 Mpc^-1,2.6,2.6,3.9000000000000004,3.9000000000000004,69.8,1506.03089,69.8 \pm 2.6 ( random ) \pm 3.9 ( systematic ) km s ^ { -1 } Mpc ^ { -1 } and 72.2 \pm 3.3
2015-10-19,73.8 \pm 2.4 km s^-1 Mpc^-1,2.4,2.4,,,73.8,1510.05545,73.8 \pm 2.4 \mathrm { km s } ^ { -1 } \mathrm { Mpc } ^ { -1 }
2015-10-19,67.8 \pm 0.9 km s^-1 Mpc^-1,0.9,0.9,,,67.8,1510.05545,67.8 \pm 0.9 \mathrm { km s } ^ { -1 } \mathrm { Mpc } ^ { -1 }
2015-10-19,68.9 \pm 0.5 km s^-1 Mpc^-1,0.5,0.5,,,68.9,1510.05545,68.9 \pm 0.5 \mathrm { km s } ^ { -1 } \mathrm { Mpc } ^ { -1 } to 71.2 \pm 0.7 \mathrm { km s } ^ { -1 } \mathrm { Mpc } ^ { -1 }
2016-01-12,77.9 \pm 3.6 km s^-1 Mpc^-1,3.6,3.6,,,77.9,1601.03047,77.9 \pm 3.6 km s ^ { -1 } Mpc ^ { -1 } .
2016-04-05,73.24 \pm 1.74 km s^-1 Mpc^-1,1.74,1.74,,,73.24,1604.01424,73.24 \pm 1.74 km s ^ { -1 } Mpc ^ { -1 }
2015-11-11,86.6 ^ +6.8 _ -6.900000000000001 km s^-1 Mpc^-1,6.900000000000001,6.8,,,86.6,1511.03662,86.6 ^ { +6.8 } _ { -6.9 } km s ^ { -1 } Mpc ^ { -1 }
2015-11-11,74.5 ^ +8.0 _ -7.800000000000001 km s^-1 Mpc^-1,7.800000000000001,8.0,,,74.5,1511.03662,74.5 ^ { +8.0 } _ { -7.8 } km s ^ { -1 } Mpc ^ { -1 } .
1998-08-14,55.0 \pm 8.0 km s^-1 Mpc^-1,8.0,8.0,,,55.0,astro-ph/9808157,55 \pm 8 km \cdot s ^ { -1 } \cdot Mpc ^ { -1 } .
1997-02-25,60.0 ^ +40.0 _ -23.0 km s^-1 Mpc^-1,23.0,40.0,,,60.0,astro-ph/9702224,60 ^ { +40 } _ { -23 } { kms } ^ { -1 } { Mpc } ^ { -1 }
1997-02-25,78.0 ^ +54.0 _ -27.999999999999996 km s^-1 Mpc^-1,27.999999999999996,54.0,,,78.0,astro-ph/9702224,78 ^ { +54 } _ { -28 } { kms } ^ { -1 } { Mpc } ^ { -1 } .
1997-02-25,78.0 ^ +60.0 _ -40.0 km s^-1 Mpc^-1,40.0,60.0,,,78.0,astro-ph/9702224,78 ^ { +60 } _ { -40 } { kms } ^ { -1 } { Mpc } ^ { -1 } .
1997-03-19,54.0 \pm 13.999999999999998 km s^-1 Mpc^-1,13.999999999999998,13.999999999999998,,,54.0,astro-ph/9703123,54 \pm 14 { km s ^ { -1 } Mpc ^ { -1 } } .
1998-09-04,70.0 \pm 10.0 km s^-1 Mpc^-1,10.0,10.0,,,70.0,astro-ph/9809047,60-80 km s ^ { -1 } Mpc ^ { -1 } .
1998-09-16,82.0 \pm 8.0 km s^-1 Mpc^-1,8.0,8.0,,,82.0,astro-ph/9809210,82 \pm 8 km s ^ { -1 } Mpc ^ { -1 }
1997-04-11,52.0 \pm 13.999999999999998 km s^-1 Mpc^-1,13.999999999999998,13.999999999999998,,,52.0,astro-ph/9704109,52 \pm 14 km s ^ { -1 } Mpc ^ { -1 } .
1997-04-14,71.0 \pm 11.0 km s^-1 Mpc^-1,11.0,11.0,,,71.0,astro-ph/9704121,71 \pm 11 km s ^ { -1 } Mpc ^ { -1 } .
1998-01-26,65.0 \pm 2.0 ^ +20.0 _ -13.999999999999998 km s^-1 Mpc^-1,2.0,2.0,13.999999999999998,20.0,65.0,astro-ph/9801256,65 \pm 2 ^ { +20 } _ { -14 } km s ^ { -1 } Mpc ^ { -1 }
1999-07-05,77.0 \pm 4.0 \pm 6.999999999999999 km s^-1 Mpc^-1,4.0,4.0,6.999999999999999,6.999999999999999,77.0,astro-ph/9907062,77 \pm 4 \pm 7 km s ^ { -1 } Mpc ^ { -1 }
1999-07-19,59.00000000000001 ^ +8.0 _ -6.999999999999999 km s^-1 Mpc^-1,6.999999999999999,8.0,,,59.00000000000001,astro-ph/9907257,59 ^ { +8 } _ { -7 } km s ^ { -1 } Mpc ^ { -1 } at 95 %
1999-07-19,59.00000000000001 ^ +6.999999999999999 _ -6.0 km s^-1 Mpc^-1,6.0,6.999999999999999,,,59.00000000000001,astro-ph/9907258,59 ^ { +7 } _ { -6 } km s ^ { -1 } Mpc ^ { -1 } for \Omega _ { m }
1999-07-19,69.0 \pm 6.999999999999999 km s^-1 Mpc^-1,6.999999999999999,6.999999999999999,,,69.0,astro-ph/9907258,69 \pm 7 km s ^ { -1 } Mpc ^ { -1 } for a flat
1999-07-19,74.0 \pm 8.0 km s^-1 Mpc^-1,8.0,8.0,,,74.0,astro-ph/9907258,74 \pm 8 km s ^ { -1 } Mpc ^ { -1 } for \Omega _ { m }
1998-02-02,82.0 \pm 16.0 km s^-1 Mpc^-1,16.0,16.0,,,82.0,astro-ph/9802027,82 \pm 16 km s ^ { -1 } Mpc ^ { -1 }
1999-08-31,66.0 \pm 6.0 km s^-1 Mpc^-1,6.0,6.0,,,66.0,astro-ph/9908343,66 \pm 6 kms ^ { -1 } Mpc ^ { -1 }
1998-03-17,44.0 \pm 4.0 km s^-1 Mpc^-1,4.0,4.0,,,44.0,astro-ph/9803207,44 \pm 4 km s ^ { -1 } Mpc ^ { -1 } if the lens
1998-03-17,65.0 \pm 5.0 km s^-1 Mpc^-1,5.0,5.0,,,65.0,astro-ph/9803207,65 \pm 5 km s ^ { -1 } Mpc ^ { -1 } if it has a
1999-09-07,72.0 \pm 4.0 km s^-1 Mpc^-1,4.0,4.0,,,72.0,astro-ph/9909117,72 \pm 4 km s ^ { -1 } Mpc ^ { -1 } .
1999-09-07,71.0 \pm 6.0 km s^-1 Mpc^-1,6.0,6.0,,,71.0,astro-ph/9909134,71 \pm 6 km s ^ { -1 } Mpc ^ { -1 } .
1999-09-13,78.0 \pm 5.0 \pm 9.0 km s^-1 Mpc^-1,5.0,5.0,9.0,9.0,78.0,astro-ph/9909222,78 \pm 5 \pm 9 km s ^ { -1 } Mpc ^ { -1 }
1999-09-15,71.0 \pm 6.0 km s^-1 Mpc^-1,6.0,6.0,,,71.0,astro-ph/9909260,71 \pm 6 km s ^ { -1 } ~ { } { Mpc } ^ { -1 } ~ { } .
1999-01-24,69.0 \pm 8.0 km s^-1 Mpc^-1,8.0,8.0,,,69.0,astro-ph/9901335,69 \pm 8kms ^ { -1 } Mpc ^ { -1 } .
2017-07-20,66.98 \pm 1.18 km s^-1 Mpc^-1,1.18,1.18,,,66.98,1707.06547,66.98 \pm 1.18 km s ^ { -1 } Mpc ^ { -1 } for the flat \Lambda \mathrm { CDM }
1995-10-13,57.0 \pm 4.0 km s^-1 Mpc^-1,4.0,4.0,,,57.0,astro-ph/9510071,57 \pm 4 km s ^ { -1 } Mpc ^ { -1 } .
1998-05-06,61.0 ^ +13.0 _ -15.0 km s^-1 Mpc^-1,15.0,13.0,,,61.0,astro-ph/9805080,61 ^ { +13 } _ { -15 } km s ^ { -1 } Mpc ^ { -1 } .
1996-10-21,64.0 \pm 13.0 km s^-1 Mpc^-1,13.0,13.0,,,64.0,astro-ph/9610162,64 \pm 13 km/s/Mpc
1999-03-17,104.0 ^ +31.000000000000004 _ -23.0 (1 -  \bar  \kappa  _  30 ^  \prime \prime) km s^-1 Mpc^-1,23.0,31.000000000000004,,,104.0,astro-ph/9903274,104 ^ { +31 } _ { -23 } ( 1 - { \bar { \kappa } _ { 30 ^ { \prime \prime } } } ) { km } { s } ^ { -1 } { Mpc } ^ { -1 } .
1999-03-17,77.0 ^ +29.0 _ -24.0 km s^-1 Mpc^-1,24.0,29.0,,,77.0,astro-ph/9903274,77 ^ { +29 } _ { -24 } { km } { s } ^ { -1 } { Mpc } ^ { -1 }
1996-11-26,51.0 ^ +13.999999999999998 _ -13.0 km s^-1 Mpc^-1,13.0,13.999999999999998,,,51.0,astro-ph/9611216,51 _ { -13 } ^ { +14 } km s ^ { -1 } Mpc ^ { -1 } .
1996-04-24,65.0 \pm 3.0 (statistical) km s^-1 Mpc^-1,3.0,3.0,,,65.0,astro-ph/9604143,65 \pm 3 ( statistical ) km s ^ { -1 } Mpc ^ { -1 }
1996-04-25,66.0 \pm 12.0 km s^-1 Mpc^-1,12.0,12.0,,,66.0,astro-ph/9604151,66 \pm 12 km/s/Mpc .
1999-04-13,57.0 ^ +23.0 _ -16.0 km s^-1 Mpc^-1,16.0,23.0,,,57.0,astro-ph/9904165,57 ^ { +23 } _ { -16 } kms ^ { -1 } Mpc ^ { -1 } for a an \Omega _ { M }
1999-04-13,77.0 ^ +19.0 _ -15.0 km s^-1 Mpc^-1,15.0,19.0,,,77.0,astro-ph/9904168,77 ^ { +19 } _ { -15 } km s ^ { -1 } Mpc ^ { -1 }
1999-04-27,52.0 ^ +5.0 _ -4.0 km s^-1 Mpc^-1,4.0,5.0,,,52.0,astro-ph/9904372,52 ^ { +5 } _ { -4 } \mathrm { km s ^ { -1 } Mpc ^ { -1 } }
1999-04-27,53.0 ^ +6.0 _ -5.0 km s^-1 Mpc^-1,5.0,6.0,,,53.0,astro-ph/9904372,53 ^ { +6 } _ { -5 } \mathrm { km s ^ { -1 } Mpc ^ { -1 } }
1997-08-27,82.0 \pm 8.0 km s^-1 Mpc^-1,8.0,8.0,,,82.0,astro-ph/9708252,82 \pm 8 { ~ { } km~ { } s ^ { -1 } ~ { } Mpc ^ { -1 } } in the CMB
1997-08-27,89.0 \pm 10.0 km s^-1 Mpc^-1,10.0,10.0,,,89.0,astro-ph/9708252,89 \pm 10 { ~ { } km~ { } s ^ { -1 } ~ { } Mpc ^ { -1 } }
1998-07-30,87.0 \pm 11.0 km s^-1 Mpc^-1,11.0,11.0,,,87.0,astro-ph/9807326,87 { \pm } 11 km s ^ { -1 } Mpc ^ { -1 } .
1997-09-04,57.0 \pm 6.999999999999999 km s^-1 Mpc^-1,6.999999999999999,6.999999999999999,,,57.0,astro-ph/9709040,57 \pm 7 km s ^ { -1 } Mpc ^ { -1 } .
1999-05-07,72.0 \pm 6.0 km s^-1 Mpc^-1,6.0,6.0,,,72.0,astro-ph/9905080,72 \pm 6 km s ^ { -1 } Mpc ^ { -1 } .
2014-11-04,67.3 \pm 1.1 km s^-1 Mpc^-1,1.1,1.1,,,67.3,1411.1074,67.3 \pm 1.1 { km } { s } ^ { -1 } { Mpc } ^ { -1 }
2015-05-28,67.2 ^ +4.5 _ -4.0 km s^-1 Mpc^-1,4.0,4.5,,,67.2,1505.07671,67.2 _ { -4.0 } ^ { +4.5 } km s ^ { -1 } Mpc ^ { -1 } .
2015-05-28,94.3 ^ +32.7 _ -35.8 km s^-1 Mpc^-1,35.8,32.7,,,94.3,1505.07671,94.3 _ { -35.8 } ^ { +32.7 } km s ^ { -1 } Mpc ^ { -1 }
2015-07-09,71.23 \pm 1.54 km s^-1 Mpc^-1,1.54,1.54,,,71.23,1507.02517,71.23 \pm 1.54 \mathrm { km s ^ { -1 } Mpc ^ { -1 } } from
2015-07-09,69.37 \pm 1.59 km s^-1 Mpc^-1,1.59,1.59,,,69.37,1507.02517,69.37 \pm 1.59 \mathrm { km s ^ { -1 } Mpc ^ { -1 } } that the Omh ^ { 2 }
2016-05-05,75.0 \pm 2.0 km s^-1 Mpc^-1,2.0,2.0,,,75.0,1605.01765,75 \pm 2 km s ^ { -1 } Mpc ^ { -1 } .
2015-10-29,64.0 ^ +13.999999999999998 _ -9.0 km s^-1 Mpc^-1,9.0,13.999999999999998,,,64.0,1510.08852,64 _ { -9 } ^ { +14 } \mathrm { km } \mathrm { s } ^ { -1 } \mathrm { Mpc } ^ { -1 }
2016-07-26,69.6 \pm 2.9 km s^-1 Mpc^-1,2.9,2.9,,,69.6,1607.07825,69.6 \pm 2.9 km Mpc ^ { -1 } s ^ { -1 }
2016-07-11,67.6 ^ +0.7 _ -0.6 km s^-1 Mpc^-1,0.6,0.7,,,67.6,1607.03143,67.6 _ { -0.6 } ^ { +0.7 } \mathrm { km s ^ { -1 } Mpc ^ { -1 } }
2016-07-11,67.3 \pm 1.0 km s^-1 Mpc^-1,1.0,1.0,,,67.3,1607.03155,67.3 \pm 1.0 { km } { s } ^ { -1 } { Mpc } ^ { -1 } even for our most
2016-07-11,67.8 \pm 1.2 km s^-1 Mpc^-1,1.2,1.2,,,67.8,1607.03155,67.8 \pm 1.2 { km } { s } ^ { -1 } { Mpc } ^ { -1 } .
2016-07-11,67.6 \pm 0.5 km s^-1 Mpc^-1,0.5,0.5,,,67.6,1607.03155,67.6 \pm 0.5 { km } { s } ^ { -1 } { Mpc } ^ { -1 }
2016-11-03,69.6 \pm 0.7 km s^-1 Mpc^-1,0.7,0.7,,,69.6,1611.00904,69.6 \pm 0.7 km s ^ { -1 } Mpc ^ { -1 } than the
2016-11-03,73.24 \pm 1.74 km s^-1 Mpc^-1,1.74,1.74,,,73.24,1611.00904,73.24 \pm 1.74 km s ^ { -1 } Mpc ^ { -1 } .
2016-11-18,73.75 \pm 2.11 km s^-1 Mpc^-1,2.11,2.11,,,73.75,1611.06088,73.75 \pm 2.11 \mathrm { km } \mathrm { s } ^ { -1 } \mathrm { Mpc } ^ { -1 } if we use HPs for all data
2016-11-18,67.81 \pm 0.9200000000000002 km s^-1 Mpc^-1,0.9200000000000002,0.9200000000000002,,,67.81,1611.06088,67.81 \pm 0.92 \mathrm { km } \mathrm { s } ^ { -1 } \mathrm { Mpc } ^ { -1 } and
2016-08-01,73.24 \pm 1.74 km s^-1 Mpc^-1,1.74,1.74,,,73.24,1608.00534,73.24 \pm 1.74 { km } { s } ^ { -1 } { Mpc } ^ { -1 }
2016-08-01,66.93 \pm 0.62 km s^-1 Mpc^-1,0.62,0.62,,,66.93,1608.00534,66.93 \pm 0.62 { km } { s } ^ { -1 } { Mpc } ^ { -1 }
2017-02-14,73.0 \pm 1.7499999999999998 km s^-1 Mpc^-1,1.7499999999999998,1.7499999999999998,,,73.0,1702.04189,73.00 \pm 1.75 km s ^ { -1 } Mpc ^ { -1 } .
2017-09-02,69.5 \pm 2.5 km s^-1 Mpc^-1,2.5,2.5,,,69.5,1709.00646,69.5 \pm 2.5 \mathrm { km s ^ { -1 } Mpc ^ { -1 } }
2017-09-02,70.4 \pm 1.2 km s^-1 Mpc^-1,1.2,1.2,,,70.4,1709.00646,70.4 \pm 1.2 \mathrm { km s ^ { -1 } Mpc ^ { -1 } } and \Omega _ { m }
2017-07-03,72.8 \pm 1.6 (statistical) \pm 2.7 (systematic) km s^-1 Mpc^-1,1.6,1.6,2.7,2.7,72.8,1707.00715,72.8 \pm 1.6 ( statistical ) \pm 2.7 ( systematic ) km s ^ { -1 } Mpc ^ { -1 } .
2017-07-28,71.2 \pm 2.1 km s^-1 Mpc^-1,2.1,2.1,,,71.2,1707.09353,71.2 \pm 2.1 \mbox { km } s ^ { -1 } \mbox { Mpc } ^ { -1 }
2017-08-29,67.6 ^ +7.800000000000001 _ -7.3999999999999995 km s^-1 Mpc^-1,7.3999999999999995,7.800000000000001,,,67.6,1708.08635,67.6 ^ { +7.8 } _ { -7.4 } kms ^ { -1 } Mpc ^ { -1 }
1997-05-13,53.0 ^ +10.0 _ -6.999999999999999 km s^-1 Mpc^-1,6.999999999999999,10.0,,,53.0,astro-ph/9705093,53 ^ { +10 } _ { -7 } km s ^ { -1 } Mpc ^ { -1 } .
2017-09-21,67.74 \pm 0.4600000000000001 km s^-1 Mpc^-1,0.4600000000000001,0.4600000000000001,,,67.74,1709.07258,67.74 \pm 0.46 ~ { } km~ { } s ^ { -1 } ~ { } Mpc ^ { -1 }
2016-10-01,69.21 \pm 3.72 km s^-1 Mpc^-1,3.72,3.72,,,69.21,1610.01202,69.21 \pm 3.72 km s ^ { -1 } Mpc ^ { -1 }
2016-07-06,71.9 ^ +2.4 _ -3.0 km s^-1 Mpc^-1,3.0,2.4,,,71.9,1607.01790,71.9 ^ { +2.4 } _ { -3.0 } { km s ^ { -1 } Mpc ^ { -1 } } and \Omega _ { \Lambda }
2016-07-06,69.2 ^ +1.4 _ -2.2 km s^-1 Mpc^-1,2.2,1.4,,,69.2,1607.01790,69.2 _ { -2.2 } ^ { +1.4 } { km s ^ { -1 } Mpc ^ { -1 } }
2016-07-06,79.0 ^ +4.4 _ -4.2 km s^-1 Mpc^-1,4.2,4.4,,,79.0,1607.01790,79.0 _ { -4.2 } ^ { +4.4 } { km s ^ { -1 } Mpc ^ { -1 } }
2016-07-06,77.9 ^ +5.0 _ -4.2 km s^-1 Mpc^-1,4.2,5.0,,,77.9,1607.01790,77.9 _ { -4.2 } ^ { +5.0 } { km s ^ { -1 } Mpc ^ { -1 } }
2016-12-06,66.4 ^ +5.0 _ -4.5 km s^-1 Mpc^-1,4.5,5.0,,,66.4,1612.01974,66.4 ^ { +5.0 } _ { -4.5 } ~ { } { km~ { } s ^ { -1 } } ~ { } Mpc ^ { -1 } ~ { } for the
2017-02-03,71.66 \pm 1.8 (random) \pm 1.88 (systematic) km s^-1 Mpc^-1,1.8,1.8,1.88,1.88,71.66,1702.01118,71.66 \pm 1.80 ( random ) \pm 1.88 ( systematic ) km s ^ { -1 } Mpc ^ { -1 }
2017-02-03,73.72 \pm 2.03 \pm 1.94 km s^-1 Mpc^-1,2.03,2.03,1.94,1.94,73.72,1702.01118,73.72 \pm 2.03 \pm 1.94 km s ^ { -1 } Mpc ^ { -1 }
2017-02-03,71.17 \pm 1.66 \pm 1.87 km s^-1 Mpc^-1,1.66,1.66,1.87,1.87,71.17,1702.01118,71.17 \pm 1.66 \pm 1.87 km s ^ { -1 } Mpc ^ { -1 }
2017-01-06,72.5 ^ +2.5 _ -8.0 km s^-1 Mpc^-1,8.0,2.5,,,72.5,1701.01789,72.5 ^ { +2.5 } _ { -8 } km/sec/Mpc with
2017-04-16,73.0 \pm 1.7499999999999998 km s^-1 Mpc^-1,1.7499999999999998,1.7499999999999998,,,73.0,1704.04784,73.00 \pm 1.75 km s ^ { -1 } Mpc ^ { -1 }
2006-07-06,68.5 ^ +6.7 _ -6.1 km s^-1 Mpc^-1,6.1,6.7,,,68.5,astro-ph/0607120,68.5 ^ { +6.7 } _ { -6.1 } km s ^ { -1 } Mpc ^ { -1 }
2006-09-11,72.0 \pm 8.0 km s^-1 Mpc^-1,8.0,8.0,,,72.0,astro-ph/0609293,72 \pm 8 km s ^ { -1 } Mpc ^ { -1 } and 72 \pm 5 km s ^ { -1 } Mpc ^ { -1 }
2007-02-28,72.0 \pm 8.0 km s^-1 Mpc^-1,8.0,8.0,,,72.0,astro-ph/0702741,72 \pm 8 km s ^ { -1 } Mpc ^ { -1 }
2008-04-04,72.0 \pm 8.0 km s^-1 Mpc^-1,8.0,8.0,,,72.0,0804.0692,72 \pm 8 km s ^ { -1 } Mpc ^ { -1 }
2007-08-01,72.8 \pm 8.2 km s^-1 Mpc^-1,8.2,8.2,,,72.8,0708.0140,72.8 \pm 8.2 km s ^ { -1 } Mpc ^ { -1 }
2003-01-16,67.0 \pm 8.0 (2 \sigma) km s^-1 Mpc^-1,8.0,8.0,,,67.0,astro-ph/0301334,67 \pm 8 ( 2 \sigma ) km~ { } Mpc ^ { -1 } ~ { } sec ^ { -1 }
2009-01-26,63.1 \pm 2.5 km s^-1 Mpc^-1,2.5,2.5,,,63.1,0901.4172,63.1 \pm 2.5 kms ^ { -1 } Mpc ^ { -1 } .
2010-01-09,79.0 \pm 6.0 km s^-1 Mpc^-1,6.0,6.0,,,79.0,1001.1428,73-85 km s ^ { -1 } Mpc ^ { -1 } .
2001-07-24,71.0 \pm 8.0 km s^-1 Mpc^-1,8.0,8.0,,,71.0,astro-ph/0107471,71 \pm 8 km s ^ { -1 } Mpc ^ { -1 }
2010-04-11,73.0 \pm 2.0 (random) \pm 4.0 (systematic) km s^-1 Mpc^-1,2.0,2.0,4.0,4.0,73.0,1004.1856,73 \pm 2 ( random ) \pm 4 ( systematic ) km s ^ { -1 } Mpc ^ { -1 } .
2000-10-02,71.0 ^ +17.0 _ -23.0 km s^-1 Mpc^-1,23.0,17.0,,,71.0,astro-ph/0010049,71 ^ { +17 } _ { -23 } km s ^ { -1 } Mpc ^ { -1 }
2009-03-05,73.0 ^ +3.0 _ -4.0 km s^-1 Mpc^-1,4.0,3.0,,,73.0,0903.1027,73 ^ { +3 } _ { -4 } km s ^ { -1 } Mpc ^ { -1 } .
2010-02-12,66.0 ^ +6.0 _ -4.0 km s^-1 Mpc^-1,4.0,6.0,,,66.0,1002.2570,66 _ { -4 } ^ { +6 } km s ^ { -1 } Mpc ^ { -1 }
2014-09-10,68.5 \pm 0.5 km s^-1 Mpc^-1,0.5,0.5,,,68.5,1409.3198,68-69 km s ^ { -1 } Mpc ^ { -1 } for the
2014-06-06,69.6 \pm 0.7 km s^-1 Mpc^-1,0.7,0.7,,,69.6,1406.1718,69.6 \pm 0.7 { km s } ^ { -1 } { Mpc } ^ { -1 } .
1998-08-18,49.0 \pm 29.0 km s^-1 Mpc^-1,29.0,29.0,,,49.0,astro-ph/9808186,49 \pm 29 km s ^ { -1 } Mpc ^ { -1 } .
1998-09-05,72.0 \pm 6.999999999999999 km s^-1 Mpc^-1,6.999999999999999,6.999999999999999,,,72.0,astro-ph/9809064,72 \pm 7 km s ^ { -1 } Mpc ^ { -1 }
1999-08-13,68.0 \pm 2.0 (random) \pm 5.0 (systematic) km s^-1 Mpc^-1,2.0,2.0,5.0,5.0,68.0,astro-ph/9908149,68 \pm 2 ( { random } ) \pm 5 ( { systematic } ) km s ^ { -1 } Mpc ^ { -1 } .
1998-11-18,69.0 ^ +13.0 _ -19.0 km s^-1 Mpc^-1,19.0,13.0,,,69.0,astro-ph/9811282,69 ^ { +13 } _ { -19 } km s ^ { -1 } Mpc ^ { -1 }
1995-06-15,76.0 \pm 34.0 km s^-1 Mpc^-1,34.0,34.0,,,76.0,astro-ph/9506090,42-110 km s ^ { -1 } Mpc ^ { -1 }
1996-02-02,67.0 \pm 9.0 km s^-1 Mpc^-1,9.0,9.0,,,67.0,astro-ph/9602017,67 \pm~ { } 9 ~ { } km~ { } s ^ { -1 } Mpc ^ { -1 } and
2012-07-30,79.0 ^ +23.0 _ -17.0 (68 % CL) km s^-1 Mpc^-1,17.0,23.0,,,79.0,1207.6914,79 ^ { +23 } _ { -17 } ( 68 % CL ) km/s/Mpc .
2014-06-30,222.00000000000003 \pm 6.999999999999999 km s^-1 Mpc^-1,6.999999999999999,6.999999999999999,,,222.00000000000003,1406.7695,222 \pm 7 km/sec/Mpc at z
2015-09-14,70.1 \pm 0.34 km s^-1 Mpc^-1,0.34,0.34,,,70.1,1509.04342,70.1 \pm 0.34 ~ { } { km s ^ { -1 } Mpc ^ { -1 } } is in
1997-02-18,67.0 \pm 8.0 km s^-1 Mpc^-1,8.0,8.0,,,67.0,astro-ph/9702152,67 \pm 8 km s ^ { -1 } Mpc ^ { -1 } .
1998-05-04,62.00000000000001 \pm 6.0 km s^-1 Mpc^-1,6.0,6.0,,,62.00000000000001,astro-ph/9805024,62 \pm 6 km s ^ { -1 } Mpc ^ { -1 } .
1996-10-15,70.0 \pm 5.0 km s^-1 Mpc^-1,5.0,5.0,,,70.0,astro-ph/9610116,70 \pm 5 km s ^ { -1 } Mpc ^ { -1 } .
1996-10-15,76.0 \pm 8.0 km s^-1 Mpc^-1,8.0,8.0,,,76.0,astro-ph/9610116,76 \pm 8 km s ^ { -1 } Mpc ^ { -1 } .
1996-10-15,67.0 \pm 8.0 km s^-1 Mpc^-1,8.0,8.0,,,67.0,astro-ph/9610116,67 \pm 8 km s ^ { -1 } Mpc ^ { -1 } .
1996-11-18,72.0 ^ +10.0 _ -12.0 km s^-1 Mpc^-1,12.0,10.0,,,72.0,astro-ph/9611140,72 _ { -12 } ^ { +10 } km s ^ { -1 } Mpc ^ { -1 } .
1996-11-18,65.0 \pm 8.0 km s^-1 Mpc^-1,8.0,8.0,,,65.0,astro-ph/9611141,65 \pm 8 km s ^ { -1 } Mpc ^ { -1 } .
1996-12-06,69.0 \pm 5.0 km s^-1 Mpc^-1,5.0,5.0,,,69.0,astro-ph/9612072,69 \pm 5 km s ^ { -1 } Mpc ^ { -1 } .
